id,culture,owner,gate_posX,gate_posY,gate_rotation,name,mappedName,posX,posY,text,type
castle_EN1,Culture.empire,Faction.clan_empire_north_3,494.4868,400.274,,{=Settlements.Settlement.name.castle_EN1}Varagos Castle,Fatehpur Sikri,493.56,403.18,,
castle_EN2,Culture.empire,Faction.clan_empire_north_6,604.3249,502.647,,{=Settlements.Settlement.name.castle_EN2}Lochana Castle,Qila e Aligarh,601.88,503.195,,
castle_EN3,Culture.empire,Faction.clan_empire_north_9,447.8718,438.2747,,{=Settlements.Settlement.name.castle_EN3}Rhesos Castle,Sambhal,445.834,439.847,,
castle_EN4,Culture.empire,Faction.clan_empire_north_3,562.4642,403.6078,,{=Settlements.Settlement.name.castle_EN4}Gaos Castle,Meerut,560.547,405.221,,
castle_EN5,Culture.empire,Faction.clan_empire_north_1,528.2367,462.1609,,{=Settlements.Settlement.name.castle_EN5}Atrion Castle,Kanpur,526.21,464.23,,
castle_EN6,Culture.empire,Faction.clan_empire_north_2,430.2386,404.2042,,{=Settlements.Settlement.name.castle_EN6}Ataconia Castle,Kannauj,428.712,406.186,,
castle_EN7,Culture.empire,Faction.clan_empire_north_7,650.2698,512.7195,,{=Settlements.Settlement.name.castle_EN7}Epinosa Castle,Etawah,652.684,512.049,,
castle_EN8,Culture.empire,Faction.clan_empire_north_8,661.5169,475.827,,{=Settlements.Settlement.name.castle_EN8}Syratos Castle,Moradabad,663.562,477.951,,
castle_EN9,Culture.empire,Faction.clan_empire_north_1,422.1589,482.2065,,{=Settlements.Settlement.name.castle_EN9}Mecalovea Castle,Tughlaqabad,424.494,481.205,,
town_EN1,Culture.empire,Faction.clan_empire_north_2,405.7087,472.0927,,{=Settlements.Settlement.name.town_EN1}Epicrotea,Akbarabad,407.645,474.297,"{=n9WMUuSp}Epicrotea, the 'All-Conquering' was named after the eccentric long-haired military genius Sarapios, who crushed a Battanian host and secured the lands west of Lake Laconis for the Empire. Its towers, overlooking the Miron river, have frequently been a northerner's first glimpse of the awesome and terrible force to their south.",
town_EN2,Culture.empire,Faction.clan_empire_north_1,463.2814,471.1416,,{=Settlements.Settlement.name.town_EN2}Diathma,Shahjahanabad,465.971,475.17,"{=wKMo2CUP}Diathma, the city of the Divine Decree, was erected by an imperial general on the ruins of a Dryatic shrine overlooking Lake Laconis. It was the last stand of the Dryatics, the northernmost of the Palaic peoples, who rebelled against the Empire and were overcome. According to legend they were pushed back into the shallows of the lake and fought until they were exhausted and the bloody waters engulfed them.",
town_EN3,Culture.empire,Faction.clan_empire_north_3,516.5862,416.1982,,{=Settlements.Settlement.name.town_EN3}Saneopa,Allahabad,513.339,419.099,"{=EJZLzhJk}Saneopa sits on a low pass leading from the Nevys valley to the north to the pool of the Ophthys. The ancient Palaic peoples of this region, like the Battanians, treated lakes as sacred sites, and the Ophthys in particular was said to be a gateway to another world. The hustle and bustle of Saneopa, one of the main trading centers of inland Calradia, stands in sharp contrast to the dark and silent waters below.",
town_EN4,Culture.empire,Faction.clan_empire_north_1,532.5618,494.7299,,{=Settlements.Settlement.name.town_EN4}Argoron,Lucknow,534.622,495.804,"{=LqPJY4s9}The city of Argoron sits where the cold, slow moving Nevys River meets Lake Laconis. This was once the land of the Laconians, who saw the Empire as a protector against the more warlike Palaic peoples. They welcomed and intermarried with imperial settlers and their chiefs joined the Senate, and their old language and customs faded away.",
town_EN5,Culture.empire,Faction.clan_empire_north_5,604.5439,423.2428,,{=Settlements.Settlement.name.town_EN5}Myzea,Mathura,604.173,426.101,"{=8UJ3cPrZ}Myzea gives its name to the Myzeiad, the rich hill country of the east-central empire. This region is the old stomping grounds of the senator Litos, who brought the Palaic tribes here into the empire relatively peacefully by offering them protection against raiders from the steppes. When he fell afoul of his rivals in the Senate, however, he tried to organize them into a rival 'barbarian' republic modelled on the ancient Calradian version. The empire snuffed it out, but the people here, now thoroughly Calradicized, still harbor an attachment to the old republican system and its partisans.",
town_EN6,Culture.empire,Faction.clan_empire_north_4,624.6628,483.38,,{=Settlements.Settlement.name.town_EN6}Amprela,Bareilly,620.342,483.919,"{=YYYxOiCq}Amprela is the foremost town of the far northeast of the Empire. Watchmen stand atop its towers, looking out for beacons from the frontier fortresses to the north, east and west that might signal the approach of raiders. Horse archers recruited from the rough Eleftheroi freemen drink in the barracks, waiting for the order to ride out against horsemen from the steppe. Cataphracts sally through its gates to vie with the princes of Sturgia for control of the trade crossing the nearby network of lakes known as the Iltan portages.",
castle_EW1,Culture.empire,Faction.clan_empire_west_2,275.8431,324.9398,,{=Settlements.Settlement.name.castle_EW1}Garontor Castle,Golconda Fort,273.429,324.02,,
castle_EW2,Culture.empire,Faction.clan_empire_west_4,464.8579,359.6282,,{=Settlements.Settlement.name.castle_EW2}Thorios Castle,Daulatabad,467.803,359.124,,
castle_EW3,Culture.empire,Faction.clan_empire_west_1,445.2068,275.0735,,{=Settlements.Settlement.name.castle_EW3}Onica Castle,Naldurg,445.931,272.569,,
castle_EW4,Culture.empire,Faction.clan_empire_west_3,256.7101,374.8052,,{=Settlements.Settlement.name.castle_EW4}Thractorae Castle,Udgir,258.912,375.931,,
castle_EW5,Culture.empire,Faction.clan_empire_west_7,267.33,406.6704,,{=Settlements.Settlement.name.castle_EW5}Veron Castle,Mahur,264.634,407.65,,
castle_EW6,Culture.empire,Faction.clan_empire_west_8,345.8056,390.2473,,{=Settlements.Settlement.name.castle_EW6}Hertogea Castle,Parenda,347.983,391.892,,
castle_EW7,Culture.empire,Faction.clan_empire_west_9,353.8361,280.3419,,{=Settlements.Settlement.name.castle_EW7}Oristocorys Castle,Kaulas,351.791,278.093,,
castle_EW8,Culture.empire,Faction.clan_empire_west_6,373.336,444.4101,,{=Settlements.Settlement.name.castle_EW8}Gersegos Castle,Medak Fort,375.321,445.862,,
town_EW1,Culture.empire,Faction.clan_empire_west_3,314.4292,392.8451,,{=Settlements.Settlement.name.town_EW1}Lageta,Warangal,315.287,397.114,"{=ZAGUIKOn}Lageta was infamously acquired by the Empire by an act of treachery. A rogue imperial mercenary murdered the Palaic chieftain who employed him, took the citadel, invited in imperial colonists, then bequeathed the town to the Empire. The Senate disavowed his action but accepted the bequest. The district is now thoroughly Calradicized, but the Battanians to the north remember, and whenever an imperial envoy speaks of the sanctity of treaties and pacts, they just nod to each other and say, 'Lageta.'",
town_EW2,Culture.empire,Faction.clan_empire_west_1,416.8557,289.4875,,{=Settlements.Settlement.name.town_EW2}Zeonica,Hyderabad,412.41,287.631,"{=kghCLS9q}Zeonica sits by the seaside at the base of the Iltaric hills, a land of wine, grain and horses. It was named for the Lady Zeona, one of the few women to rule the Empire - admittedly as regent for her son rather than Empress Regnant. It is known for the Zeonic Wind, a gale that blows northward across the Perassic Sea every summer carrying the burning heat of the Nahasa desert to the imperial south. In other seasons the weather here is mild, a weather pattern that has provided many a poet with a metaphor for the transience of passion.",
town_EW3,Culture.empire,Faction.clan_empire_west_1,378.0066,343.815,,{=Settlements.Settlement.name.town_EW3}Jalmarys,Aurangabad,376.986,341.692,"{=TI3fS2xN}Every realm has a city whose inhabitants are mocked for their provincial unsophistication, and for the Empire that city was Jalmarys. One of the first imperial colonies established inland of the Perassic Sea, it served the Empire as a base to subdue the western Palaic tribes. Paravenos was happy to accept the plunder and slaves sent to them from its garrison, but snickered at them behind their backs. That changed when the Jalmaryan general Carsos staged a military coup. When a senator, stymied by his thick accent, nervously asked him to repeat a decree, he unsheathed his sword and said, 'Do you understand this?'",
town_EW4,Culture.empire,Faction.clan_empire_west_2,305.228,334.8917,,{=Settlements.Settlement.name.town_EW4}Ortysia,Elichpur,303.859,331.889,"{=JhBSnWAe}Ortysia, named for the quails who inhabit the nearby coastal marshes, was the first Calradian colony on the shores of the Perassic Sea. In its early centuries, it fell under the authority of the Kannic city-state of Quyaz, but the empire's expansion soon united the colony with its mother republic. For centuries, sailors coming from the pirate-infested islands of the Bay of Charas gave thanks when they saw its towers looming through the haze of the western Perassic, signalling a return to safe imperial-patrolled waters.",
town_EW5,Culture.empire,Faction.clan_empire_west_4,442.959,357.131,,{=Settlements.Settlement.name.town_EW5}Amitatys,Burhanpur,441.84,352.923,"{=rX8oGVvV}The Palaic chieftain of Amitatys had a particularly grim reputation, a tyrant who slaughtered innocents to appease the gods of the underworld in the hope they would grant him immortality. Inevitably, he fell into conflict with the Empire, and during the siege an earthquake crumbled his walls and allowed imperial troops into the city. More died in the ensuing sack than the tyrant had ever killed, but it was war, and the outcome - attributed to the wrath of Heaven - was a staple of imperial propaganda as they expanded their foothold in the region.",
town_EW6,Culture.empire,Faction.clan_empire_west_5,389.7318,390.8637,,{=Settlements.Settlement.name.town_EW6}Rhotae,Bidar,390.118,393.159,"{=5SpYVtie}Rhotae is a former Palaic hill-fort in the shadow of the basalt slab of Mount Erithrys, once known as Rotash. It fell to the Empire shortly afer Lageta. The Palaic chief here, when he heard of what happened to his neighbor, slaughtered a dozen imperial citizens under his protection. The eccentric long-haired general Sarapios led the punitive column that took Rotash and burned it to the ground. 'Lageta we took treacherously but with little bloodshed. Rotash we took honorably, with great bloodshed,' he supposedly said afterwards. 'Both will be remembered as a stain on our name. The victor always takes the blame, but keeps the gold.'",
castle_ES1,Culture.empire,Faction.clan_empire_south_3,690.0823,306.6104,,{=Settlements.Settlement.name.castle_ES1}Odrysa Castle,Rohtasgarh,693.202,306.624,,
castle_ES2,Culture.empire,Faction.clan_empire_south_5,659.8487,361.8509,,{=Settlements.Settlement.name.castle_ES2}Corenia Castle,Gaur,661.582,363.757,,
castle_ES3,Culture.empire,Faction.clan_empire_south_7,619.0043,383.4194,,{=Settlements.Settlement.name.castle_ES3}Melion Castle,Rajmahal,616.0421,383.801,,
castle_ES4,Culture.empire,Faction.clan_empire_south_3,618.6501,255.7067,,{=Settlements.Settlement.name.castle_ES4}Lavenia Castle,Burdwan,620.957,254.729,,
castle_ES5,Culture.empire,Faction.clan_empire_south_8,555.6404,281.4951,,{=Settlements.Settlement.name.castle_ES5}Morenia Castle,Sylhet,557.31,279.075,,
castle_ES6,Culture.empire,Faction.clan_empire_south_1,490.7852,346.1327,,{=Settlements.Settlement.name.castle_ES6}Sestadaim Castle,Midnapore,493.22,346.296,,
castle_ES7,Culture.empire,Faction.clan_empire_south_9,651.8447,432.7847,,{=Settlements.Settlement.name.castle_ES7}Jogurys Castle,Shah Sarai,654.547,434.009,,
castle_ES8,Culture.empire,Faction.clan_empire_south_1,539.6804,375.7863,,{=Settlements.Settlement.name.castle_ES8}Chanopsis Castle,Purnea,538.99,378.31,,
town_ES1,Culture.empire,Faction.clan_empire_south_3,658.7773,277.1635,,{=Settlements.Settlement.name.town_ES1}Danustica,Murshidabad,661.191,276.466,"{=xkkI7ejQ}The frontier city of Danustica dominates the network of lakes and lagoons known as the Calsea. It has long held the line against incursions by the Aserai and various Darshi shahs and padishahs further to the east. Many an imperial legionary stationed here has scribbled graffiti on its walls cursing the city's sweltering summers, brackish water and the mosquitos that rise from the Calsea, but the inhabitants are proud of their role as border defenders and mock the soldiers wilting in the heat around them.",
town_ES2,Culture.empire,Faction.clan_empire_south_4,571.3194,244.1132,,{=Settlements.Settlement.name.town_ES2}Vostrum,Dacca,568.779,239.989,"{=ytBRXqt8}Vostrum was founded by the Calradian mercenary Archacos, one of a number of rogue commanders who broke away from the empire during its expansion. Unlike some, who tried to reproduce the empire's republican heritage, he chose to rule as a god-king. His dynasty lasted for generations, until imperial troops overran it and smashed every haloed statue of Archacos and his successors into rubble. Even today, western and northern imperial senators accuse families from this region of being closet monarchists.",
town_ES3,Culture.empire,Faction.clan_empire_south_2,472.46,267.8516,,{=Settlements.Settlement.name.town_ES3}Poros,Cuttack,471.018,269.821,"{=rGXdJybe}The town of Poros sits near the northern shores of the Perassic Sea. The warm rolling hills of these parts are well suited to the raising of sheep and horses. The herdsmen have a reputation for being proud and violent, but the nobles of the Leonipardes clan who rule this land are careful to respect their autonomy. Livestock rustling and blood feuds are common here, and it is said that the Leonipardes will never interfere unless invited by both parties, but when they do, their judgments will be obeyed by all.",
town_ES4,Culture.empire,Faction.clan_empire_south_1,517.5825,329.8356,,{=Settlements.Settlement.name.town_ES4}Lycaron,Patna,515.33,333.562,"{=WGtzBswe}The natural fortress of Lycaron sits on a spur jutting out of the great Ornian rock. In the final years of the imperial conquest, the Palaic tribe here negotiated a peaceful federation with the empire, only to see their home seized by the rebel leader Gethuz. The ensuing siege was only the first of many that Lycaron would undergo in the ensuing centuries, as its nearby silver mines made it a prize for every imperial pretender who ever tried to seize power in a civil war. It is said that the colony of vultures who inhabit the upper reaches of the Rock have dined on the flesh of every people of Calradia.",
town_ES5,Culture.empire,Faction.clan_empire_south_1,644.077,327.4114,,{=Settlements.Settlement.name.town_ES5}Onira,Hooghly,645.315,325.385,"{=4ENGzVaC}The tale of Sarpea of Onira is one of the epic poems of the eastern frontier. Like many, it seems written to justify the Empire's conquest. Sarpea, a senator's daughter, was seized by a Palaic chieftain and carried to his citadel here. When the imperial armies appeared before its walls years later to rescue her, she begged them to retreat for the sake of her infant son, whom her fearsome husband had threatened to hurl from the walls instead of allowing him to be captured and raised by his mother's people. The legions withdrew, so the story says, but the boy grew into a warrior who joined the Empire and slew his father. It is now the center of a horse-breeding industry on the eastern plains.",
town_ES6,Culture.empire,Faction.clan_empire_south_6,566.7661,344.943,,{=Settlements.Settlement.name.town_ES6}Phycaon,Monghyr,566.2401,347.43,"{=RL2vacqv}Phycaon sits at the head of the Sethys valley, one of the main grain-producing regions of the central Empire. Once the largest of the Palaic cities, its leaders led a league of the tribes against imperial encroachment into the region. But when the empire's victory looked inevitable, they made their peace. The population, now thoroughly Calradicized, have a reputation for being serious, respectable and trade-minded, dependable if a bit humorless.",
town_ES7,Culture.empire,Faction.clan_empire_south_5,648.8575,388.9376,,{=Settlements.Settlement.name.town_ES7}Syronea,Chittagong,651.026,387.791,"{=UHvEEEBb}Syronea sits on the eastern shores of Lake Tanaesis. This city was once a byword for luxury and decadence. This was the center of the Empire's silk industry and an entrepot for the goods flowing in from what was known as Transtanaesia, the imperial possessions and protectorates beyond the great lake. But the coming of the Khuzaits ripped the Transtanaesia from the Empire's grasp and the Senatorial families of Syronea were forced to relearn the arts of war, dusting off old gilded armors and sharpening bejewelled swords to lead their followers against Urkhun's warriors.",
castle_S1,Culture.sturgia,Faction.clan_sturgia_5,274.0234,593.2222,,{=Settlements.Settlement.name.castle_S1}Ustokol Castle,Bala Hissar,272.135,593.449,,
castle_S2,Culture.sturgia,Faction.clan_sturgia_1,397.0779,509.8951,,{=Settlements.Settlement.name.castle_S2}Mazhadan Castle,Khyber Pass,395.312,509.257,,
castle_S3,Culture.sturgia,Faction.clan_sturgia_1,268.593,547.8528,,{=Settlements.Settlement.name.castle_S3}Nevyansk Castle,Bamyan,268.468,549.737,,
castle_S4,Culture.sturgia,Faction.clan_sturgia_9,366.5877,518.8732,,{=Settlements.Settlement.name.castle_S4}Kranirog Castle,Farah,367.984,519.925,,
castle_S5,Culture.sturgia,Faction.clan_sturgia_7,451.7241,544.503,,{=Settlements.Settlement.name.castle_S5}Ov Castle,Lashkar Gah,452.961,543.248,,
castle_S6,Culture.sturgia,Faction.clan_sturgia_8,491.5004,551.7879,,{=Settlements.Settlement.name.castle_S6}Takor Castle,Kunduz,493.389,551.866,,
castle_S7,Culture.sturgia,Faction.clan_sturgia_3,668.2737,554.0104,,{=Settlements.Settlement.name.castle_S7}Urikskala Castle,Ghor,666.54,553.695,,
castle_S8,Culture.sturgia,Faction.clan_sturgia_4,610.8224,573.5645,,{=Settlements.Settlement.name.castle_S8}Vladiv Castle,Zaranj,612.399,573.747,,
town_S1,Culture.sturgia,Faction.clan_sturgia_1,357.3419,551.6558,,{=Settlements.Settlement.name.town_S1}Varcheg,Kabul,361.256,554.313,"{=i2VkRLBg}The former Nord colony of Varcheg sits on a windswept sea-bluff at the base of the Kachyar peninsula in what was once Battanian land. The jarl who founded this coastal outpost, hoping to trade with the interior, pledged himself in fealty to the Battanian High King Dernmachad, but then proceeded to dabble in Battanian politics. Annoyed, Dernmachad hired a Sturgian army to crush his unreliable new vassal. The Sturgians complied and routed the Nords, but then demanded the newly captured town as their payment. They called the town 'Varcheg,' a corruption of the Nordic term for 'oathsworn companion,' to mock both rivals whose quarreling had handed them their prize.",
town_S2,Culture.sturgia,Faction.clan_sturgia_1,468.4538,566.1055,,{=Settlements.Settlement.name.town_S2}Balgard,Ghazni,467.86,570.509,"{=Xom9DeXZ}Balgard, which sits on the icy waters of Mazopor bay, was founded by migrants from the Nordlands. Legend holds that the initial wave of Nords arrogantly demanded tribute from the nearby Vakken and Sturgian tribes, who formed an alliance and drove the newcomers back to their ships. But the victors fell out over the spoils, until a canny Nord, Gundar, landed and volunteered to help them fairly divvy up the weapons and armor of his dead kinsmen. The residents recognized Gundar's lordship over the region and his descendants, intermarried with the Sturgians, are today the grand princes of Sturgia.",
town_S3,Culture.sturgia,Faction.clan_sturgia_2,448.2916,511.662,,{=Settlements.Settlement.name.town_S3}Omor,Peshawar,451.107,515.464,"{=pbHXtJ82}Omor sits on the eastern shores of Lake Laconis. Long before the Sturgians formed themselves into a principality it was a holy site for the forest tribes, who worshipped their gods and ancestors in the sacred oak trees of the nearby woods. Today, it is an emporium for fur trappers and woodsmen who prowl the Ircara wildlands to the east, and the primeval peace of the forests is drowned out by the sounds of bartering, saws, and the unloading of ships at the lake.",
town_S4,Culture.sturgia,Faction.clan_sturgia_4,537.884,549.716,,{=Settlements.Settlement.name.town_S4}Varnovapol,Jalalabad,540.416,548.273,"{=aTMypBiY}Varnovapol, which sits beneath the Chertyg mountains on the crystal waters of Lake Laconis, has the dubious honor of being perhaps the most-often conquered city in Calradia. Originally it was a colony of the Empire, infamous as a place of exile for dissident senators, before it was seized by Nords as a base to expand their influence into the Sturgian fur trade. It was taken by the Alkit tribe from the eastern steppe and briefly served as the capital of a small khanate, before finally falling to the fierce Ormidoving clan.",
town_S5,Culture.sturgia,Faction.clan_sturgia_3,651.0615,568.5307,,{=Settlements.Settlement.name.town_S5}Tyal,Balkh,647.079,569.108,"{=F5HlQdgf}Tyal sits in the western foothills of Mount Iltan, on the eastern borders of the Sturgian lands. This region has long stood aloof from the power struggles of the other Sturgian principalities. Its people are known as wanderers, traders, horse breeders and fur-trappers. The local aristocracy has occasionally exchanged princesses with the steppe tribes to the east to firm up a truce or a trade pact, and proudly includes the names of several great khans on their list of ancestors.",
town_S6,Culture.sturgia,Faction.clan_sturgia_6,554.0284,584.1961,,{=Settlements.Settlement.name.town_S6}Sibir,Herat,549.771,586.259,"{=PPadNxa6}Sibir was founded in a dark valley amid the Chertyg mountains by Nordic traders, who wished a base to buy furs from the local Vakken-speaking foresters. As the Sturgian tribes became principalities, and elected chieftains evolved into boyars who demanded taxes and labor as their due, this region became a magnet for Sturgians who had little taste for deference. Today, the ambitious Isyaroving family governs this region, but they must always balance their hunger for wealth and men to fight their wars with their subjects' reluctance to provide it.",
town_S7,Culture.sturgia,Faction.clan_sturgia_5,300.3447,583.3357,,{=Settlements.Settlement.name.town_S7}Revyl,Kandahar,296.82,580.832,"{=T2E4xKVn}Revyl, chief town of the rocky Kachyar peninsula, was a traditional rival of Balgard. According to legend the Balgardian princess Arkina, whose husband had been slain by the Revylians, accepted a proposal from her enemy's king to marry and settle the feud. On her wedding night, however, she barred the door of his hall and burned him and a hundred of his kinsmen and warriors alive inside. The feud has long since been settled by pacts and marriages with happier outcomes, although Revylians still resent the ascent of the Balgardian Gundaroving dynasty.",
castle_A1,Culture.aserai,Faction.clan_aserai_1,275.4893,271.7934,,{=Settlements.Settlement.name.castle_A1}Tubilis Castle,Devanahalli,274.181,272.167,,
castle_A2,Culture.aserai,Faction.clan_aserai_3,617.5756,125.2101,,{=Settlements.Settlement.name.castle_A2}Sahel Castle,Nandi Hills,617.677,127.096,,
castle_A3,Culture.aserai,Faction.clan_aserai_7,322.2627,187.7981,,{=Settlements.Settlement.name.castle_A3}Ain Baliq Castle,Savandurga,323.167,186.28,,
castle_A4,Culture.aserai,Faction.clan_aserai_2,445.8025,150.8632,,{=Settlements.Settlement.name.castle_A4}Medeni Castle,Madhugiri,444.093,150.416,,
castle_A5,Culture.aserai,Faction.clan_aserai_4,514.7328,130.8227,,{=Settlements.Settlement.name.castle_A5}Jamayeh Castle,Dindigul,516.555,130.572,,
castle_A6,Culture.aserai,Faction.clan_aserai_3,665.921,246.1539,,{=Settlements.Settlement.name.castle_A6}Shibal Zumr Castle,Palakkad Fort,666.93,245.247,,
castle_A7,Culture.aserai,Faction.clan_aserai_7,358.5762,214.9592,,{=Settlements.Settlement.name.castle_A7}Uqba Castle,Krishnagiri,357.485,216.349,,
castle_A8,Culture.aserai,Faction.clan_aserai_8,649.2784,211.1711,,{=Settlements.Settlement.name.castle_A8}Tamnuh Castle,Bellary,650.405,210.393,,
castle_A9,Culture.aserai,Faction.clan_aserai_9,338.7608,155.534,,{=Settlements.Settlement.name.castle_A9}Barihal Castle,Gurramkonda,339.854,156.395,,
town_A1,Culture.aserai,Faction.clan_aserai_1,300.6186,261.9282,,{=Settlements.Settlement.name.town_A1}Quyaz,Srirangapatna,299.553,264.853,"{=1ImuW3My}Quyaz was once a mercantile republic that dominated the trade between the western ocean and the Perassic Sea, speaking the now all-but-extinct Kannic tongue, a relative of Nahasawi. But imperial hegemony slowly snuffed out its trade, and the rulers was taken over by mercenaries from the Nahasa. It came intermittently under imperial subjugation but today is a prized holding of the Banu Hulyan, a leading clan of the Aserai sultanate.",
town_A2,Culture.aserai,Faction.clan_aserai_2,686.6509,235.8163,,{=Settlements.Settlement.name.town_A2}Husn Fulq,Chitradurga,686.263,234.344,"{=bnl7Va4c}Husn Fulq sits at the southeastern edge of the Caldea, the network of rivers and brackish lagoons linking the Empire to the Aserai lands. Fulq, also known as Phalcos, was a dark-faced mercenary chieftain who came from lands far to the south. He founded a fortress here and then parlayed its strategic location into a fortune, taking bribes from the Empire and then from the Aserai to switch sides. After 20 years of playing both sides back and forth he sailed home in a ship laden with gold, but many clans of the Aserai proudly claim descent from him, and the 'Tricks of Fulq' are a staple of many a bazaar storyteller's repetoire.",
town_A3,Culture.aserai,Faction.clan_aserai_4,492.1279,114.4126,,{=Settlements.Settlement.name.town_A3}Iyakis,Bednore,493.537,111.743,"{=NFIYqaab}Iyakis sits in a cleft in the Jarjara escarpment, where the waters of the fierce but brief desert rains can be trapped and used for irrigation. For generations ago it was an autonomous outpost of the Empire known as Yachios, dominated by the Carasios clan. Fifty years ago however they saw the writing on the wall for imperial dominion in the southlands, and began intermarrying themselves with the tribes of the Nahasa. Today, known as the Qaraz, they take their places in the councils of the sultanate like any other family of the Aserai.",
town_A4,Culture.aserai,Faction.clan_aserai_2,613.8578,177.6383,,{=Settlements.Settlement.name.town_A4}Razih,Coimbatore,615.08,180.537,"{=jXBnf2hQ}Razih is said to be the base from which Kannic explorers set forth to colonize the shores of the Perassic Sea in the centuries before the coming of the empire, the prows of their ships decorated with the intertwined vine leaves of the Kannic goddess of wealth, wine, love and war. Today, the Kannic tongue has been replaced by Nahasawi dialects and their religion is all but forgotten, but the symbol lives on, said to protect those who risk all for the sake of gain or glory.",
town_A5,Culture.aserai,Faction.clan_aserai_3,557.2956,108.9494,,{=Settlements.Settlement.name.town_A5}Hubyar,Mangalore,560.451,107.058,"{=IIMWPVhU}The inland city of Hubyar is said to be built on the ruins of a luxurious hunting lodge built by the decadent and cruel king Thuran, whom the patriarch Asera slew in vengeance for the enslavement of his family. This memory may explain the worldview of the fierce and austere Banu Qild, who hold the castle today and who detest all frivolity. But the scent of jasmine that can be detected on the night breezes here carries an undercurrent of temptation. It was here that the hero Nimr came to grief, caught in the chamber of a Banu Qild maiden and left hanging in a cage in the market until he perished.",
town_A6,Culture.aserai,Faction.clan_aserai_1,403.1414,205.9388,,{=Settlements.Settlement.name.town_A6}Sanala,Bangalore,401.068,207.927,"{=uO4dxCl8}The port of Sanala is the gateway through which the grain of the lower Damar has flowed forth to feed a hungry world. The Empire's periodic advances south of the Perassic Sea have usually been aimed at seizing this strategic prize. Although the legions were long ago forced to retreat, Sanala remains among the most cosmopolitan cities in Calradia, filled with merchants from many lands bidding for the lowest bulk prices.",
town_A7,Culture.aserai,Faction.clan_aserai_5,380.7408,119.9328,,{=Settlements.Settlement.name.town_A7}Askar,Mysore,379.425,118.472,"{=GChIoZdd}Askar dominates the middle stretches of the Damar River, as it weaves between the bluffs of the Jarjara Escarpment. This region has been thickly populated for thousands of years, but the river is restless, and every few centuries leaps its banks and erases what comes before. This latest regional capital was an imperial encampment  during their furthest penetration of the Nahasa several centuries ago, taken over by the Aserai tribes after the legions withdrew.",
town_A8,Culture.aserai,Faction.clan_aserai_6,487.2882,161.0079,,{=Settlements.Settlement.name.town_A8}Qasira,Sira,490.694,163.097,"{=J4bgNT0r}The legendary Queen Eshora, it is said, punished the jinn who were harassing her people by imprisoning them in one of the caves above Qasira, carving the mystical eight-pointed star into the rock to seal them in. She sentenced them to haul water from the depths of the earth, feeding the springs that gush forth from the rocks and which for centuries have irrigated the date gardens of Qasira and its surrounding villages.",
castle_V1,Culture.vlandia,Faction.clan_vlandia_11,222.5224,356.4457,,{=Settlements.Settlement.name.castle_V1}Usanc Castle,Chittorgarh,223.555,357.026,,
castle_V2,Culture.vlandia,Faction.clan_vlandia_9,134.1006,417.5619,,{=Settlements.Settlement.name.castle_V2}Hongard Castle,Kumbhalgarh,133.91,416.794,,
castle_V3,Culture.vlandia,Faction.clan_vlandia_2,109.7325,513.6299,,{=Settlements.Settlement.name.castle_V3}Drapand Castle,Ranthambore,109.383,514.606,,
castle_V4,Culture.vlandia,Faction.clan_vlandia_10,199.5611,522.6012,,{=Settlements.Settlement.name.castle_V4}Ormanfard Castle,Mehrangarh,199.557,521.81,,
castle_V5,Culture.vlandia,Faction.clan_vlandia_5,164.9052,564.4557,,{=Settlements.Settlement.name.castle_V5}Tirby Castle,Junagarh,165.989,564.639,,
castle_V6,Culture.vlandia,Faction.clan_vlandia_6,230.9809,551.6971,,{=Settlements.Settlement.name.castle_V6}Caleus Castle,Gagron,230.536,552.587,,
castle_V7,Culture.vlandia,Faction.clan_vlandia_1,202.3588,416.0108,,{=Settlements.Settlement.name.castle_V7}Talivel Castle,Taragarh,201.425,415.486,,
castle_V8,Culture.vlandia,Faction.clan_vlandia_7,189.1221,466.6706,,{=Settlements.Settlement.name.castle_V8}Verecsand Castle,Nagaur,190.12,466.865,,
town_V1,Culture.vlandia,Faction.clan_vlandia_1,207.0884,386.9565,,{=Settlements.Settlement.name.town_V1}Sargot,Ajmer,210.378,383.893,"{=aOn6pa0D}Sargot is a common name for hills, promontories, islands and other defensible positions in western Calradia. It refers to a fortified encampment of the Massa, a tribe allied to the the Vlandians who joined their invasion.  Though the Massa moved on, their stay was often so traumatic for a district that the name remained long after their departure. This Sargot was actually founded on the ruins of an imperial town, resettled by Vlandians, and which has supplanted the memory of the community that came before it.",
town_V2,Culture.vlandia,Faction.clan_vlandia_7,177.3913,494.0723,,{=Settlements.Settlement.name.town_V2}Ocs Hall,Udaipur,181.785,495.348,"{=nhmBQIC4}Ocs Hall is one of the few towns in the Vlandian kingdom that was founded after the seizure of the land from the Empire. This valley was once an isolated holdout of Battanians, centered on the Llyn Modris, a lake in a volcanic caldera that was said to be the  seat of a giant. This land was conquered by the Vlandian warlord Oca, who also gave his name to the nearby Ocspool lake. The Battanian tribes were driven inland, and took their legends with them.",
town_V3,Culture.vlandia,Faction.clan_vlandia_2,136.1743,478.3232,,{=Settlements.Settlement.name.town_V3}Pravend,Amber,139.205,475.542,"{=Nx0qK2g6}Paravenos was the second major colony founded by Calradios the Great, and it soon succeeded Charasea as the capital of the Calradians. Eventually, the empire's center of gravity moved east, but Paravenos retained its primacy as the economic center of the West. When Osric Iron-Arm the Vlandian invaded, he recognized Paravenos would be far more valuable as a seat of power than as simply as a source of loot,  and negotiated its surrender with local senators. It passed to a cadet branch of Osric's line, the dey Tihr clan, and is today known as Pravend.",
town_V5,Culture.vlandia,Faction.clan_vlandia_1,111.4947,409.1742,,{=Settlements.Settlement.name.town_V5}Galend,Gwalior,107.5,411.689,"{=79R6gi4l}Galend overlooks the wave-beaten Biscan coast. It takes in the catch from the Biscan's intrepid fishermen who venture out far into the western ocean, as well as the wool of sheep from the green fog-covered hills. The current line of Vlandian kings comes from the clans who settled in this region during Osric Iron-Arm's invasion.",
town_V6,Culture.vlandia,Faction.clan_vlandia_3,154.0926,392.1964,,{=Settlements.Settlement.name.town_V6}Jaculan,Jaisalmer,149.91,392.826,"{=R6YJsK89}Jaculan sits in the warmer southern reaches of the Biscan coast, in rolling hills known for their olive trees. It was once a favored resort of the imperial aristocracy, who hunted wild boars amid the oak forests. The independent peasantry of this region are known for their heterodox ideas. The Brotherhood of the Woods is but the latest of a series of rebellions to have broken out here, sometimes aided by an aristocracy that considers them a tool to use against rival Vlandian houses.",
town_V7,Culture.vlandia,Faction.clan_vlandia_4,176.499,340.1257,,{=Settlements.Settlement.name.town_V7}Charas,Bundi,174.271,336.303,"{=0cZmKO76}The city known today as Charas is traditionally reckoned to be the first Calradian colony on the shores of their new continent. At the Empire's height, when the capital moved north to Paravenos,  Charasea remained a key hub of sea-faring and trade, while imperial aristocrats built their summer homes on the warm shores of the nearby gulf and cruised their pleasure-boats around its islands. When the Vlandians came, Charas fell into the hands of the ruthless House of dey Cortain, and its wealth funds their ambitions.",
town_V8,Culture.vlandia,Faction.clan_vlandia_8,137.2299,542.0079,,{=Settlements.Settlement.name.town_V8}Ostican,Bikaner,135.09,547.52,"{=Eb7Lgq10}Ostican was a minor imperial port that became a haven for seafarers of the northern oceans. Many were talented corsairs, employed by imperial factions to harry their foes during the latter empire's intermittent civil wars. Indeed, the some of the first Vlandians to come to Calradia's shores settled in the back alleys of this town, and no doubt sent word to their kinsmen of the riches to be had here should anyone invade in earnest.",
town_V9,Culture.vlandia,Faction.clan_vlandia_6,176.1519,545.7867,,{=Settlements.Settlement.name.town_V9}Rovalt,Jodhpur,179.501,548.785,"{=1SnAH5K8}Rovalatys, in the mountains of the Ebor peninsula, was never fully an imperial town. Nordic migrants, drawn to the region by rumors of riches to be made prospecting for silver or hunting for furs, long outnumbered Calradians even before the Vlandian invasion. The Vlandians too recognized its potential, and despite its harsh winters this land is among the more populous regions of the kingdom, with bountiful fields in the valleys of the mountains feeding the constant flow of settlers from the south drawn here by their hunger for wealth.",
castle_B1,Culture.battania,Faction.clan_battania_8,222.6241,429.5237,,{=Settlements.Settlement.name.castle_B1}Ab Comer Castle,Raigadh,223.762,431.444,,
castle_B2,Culture.battania,Faction.clan_battania_7,248.2829,435.3959,,{=Settlements.Settlement.name.castle_B2}Llanoc Hen Castle,Pratapgadh,249.177,434.045,,
castle_B3,Culture.battania,Faction.clan_battania_6,229.8996,518.6057,,{=Settlements.Settlement.name.castle_B3}Druimmor Castle,Torna,231.204,520.237,,
castle_B4,Culture.battania,Faction.clan_battania_3,276.4131,521.3125,,{=Settlements.Settlement.name.castle_B4}Pendraic Castle,Panhala,274.145,519.959,,
castle_B5,Culture.battania,Faction.clan_battania_1,313.89,448.3491,,{=Settlements.Settlement.name.castle_B5}Rhemtoil Castle,Shivneri,315.343,446.698,,
castle_B6,Culture.battania,Faction.clan_battania_4,325.5867,526.5848,,{=Settlements.Settlement.name.castle_B6}Flintolg Castle,Lohagad,324.518,525.065,,
castle_B7,Culture.battania,Faction.clan_battania_2,236.1057,477.6013,,{=Settlements.Settlement.name.castle_B7}Aster Castle,Vasai,235.129,478.09,,
castle_B8,Culture.battania,Faction.clan_battania_1,354.5785,496.8703,,{=Settlements.Settlement.name.castle_B8}Uthelaim Castle,Solapur,352.646,497.737,,
town_B1,Culture.battania,Faction.clan_battania_1,291.2007,442.7703,,{=Settlements.Settlement.name.town_B1}Marunath,Pune,291.2,442.757,"{=Jm2uZiwV}Marunath, the 'Horse of the Ford,' is nowhere near a river. But Battanian bards love nothing more than an incongruous place-name around which a legend can be woven. In this case the hero Ochlaigan, who was foretold to defeat the seven sons of Glanys in seven duels near seven fords, encountered the last of his enemies here. He slit his horse's throat and crossed over the stream of blood that gushed forth, defeating his last enemy and fulfiling the prophecy.",
town_B2,Culture.battania,Faction.clan_battania_2,266.2805,485.9921,,{=Settlements.Settlement.name.town_B2}Dunglanys,Kolhapur,266.398,483.399,"{=YERtiSUn}Dunglanys, the 'Rock of Glanys', stands on a high crag overlooking the Llyn Tywal, the pool of darkness at the heart of the Battanian lands. It was named after a ancient queen who, legend has it, married in succession five high kings of Battania, bestowing sovereignty upon them. It is the center of the rituals that underpin Battanian kingship, and though not every Battanian high king has ruled from here, all are eager to hold it.",
town_B3,Culture.battania,Faction.clan_battania_3,253.9173,513.6059,,{=Settlements.Settlement.name.town_B3}Car Banseth,Surat,255.387,515.614,"{=QD3oaaNK}Car Banseth sits high on the cliffs of Ailta Druin. Staring north on a clear day, across lands that were once Battanian but are now held by the Sturgians and Vlandians, one can see the waters of the Bay of Varcheg. It is said that those who keep faith will one day witness from this high point the ships of the vanished High King Mon, who shall return to deliver his people from their enemies. But today, one is far more likely to see the sails of Nordic adventurers and mercenaries, coming to assist the foreigners in their relentless push into Battanian land.",
town_B4,Culture.battania,Faction.clan_battania_4,327.1309,473.0402,,{=Settlements.Settlement.name.town_B4}Seonon,Satara,329.92,474.32,"{=X3MsaG39}Seonon, sad Seonon, has a history as dark as the waters of the Llyn Tywal. Here Algana the Fair stood atop the tower lamenting the death of her beloved Gorawan, until the spirits of the Otherworld were themselves overcome with sadness and allowed his shade to ascend through the pool for a day and a night to console her. In latter days this land has often been ravaged by Sturgian raiders, and not far from here lies the wood where King Aeril disappeared, clearing the way for the rise of Caladog.",
town_B5,Culture.battania,Faction.clan_battania_5,230.1822,448.8185,,{=Settlements.Settlement.name.town_B5}Pen Cannoc,Nashik,231.631,451.187,"{=4OAz8urz}Pen Cannoc sits on a promontory overlooking the Trand river as it plunges from the Uchalion plateau into the Vlandian lowlands. Legends speak of the water-nymphs who live in the dark pools under the rock, luring travellers and invaders to their deaths, except on those rare occasions when they fall in love with a hero and grant him victory and blessings. Certainly the fisherfolk of this region have learned respect for the perils of the upper Trand, where a small misstep on slippery stone can cast one off a precipice into the waters below.",
castle_K1,Culture.khuzait,Faction.clan_khuzait_3,706.3667,451.9997,,{=Settlements.Settlement.name.castle_K1}Usek Castle,Anandpur Sahib,704.358,451.659,,
castle_K2,Culture.khuzait,Faction.clan_khuzait_4,707.9659,371.5294,,{=Settlements.Settlement.name.castle_K2}Akiser Castle,Gobindgarh,709.885,371.244,,
castle_K3,Culture.khuzait,Faction.clan_khuzait_8,722.9106,410.3058,,{=Settlements.Settlement.name.castle_K3}Hakkun Castle,Attock,721.218,410.942,,
castle_K4,Culture.khuzait,Faction.clan_khuzait_1,710.8811,500.6931,,{=Settlements.Settlement.name.castle_K4}Tepes Castle,Bhatinda,710.073,498.92,,
castle_K5,Culture.khuzait,Faction.clan_khuzait_7,744.917,472.36,,{=Settlements.Settlement.name.castle_K5}Khimli Castle,Kapurthala,746.521,472.011,,
castle_K6,Culture.khuzait,Faction.clan_khuzait_6,693.9964,572.9048,,{=Settlements.Settlement.name.castle_K6}Dinar Castle,Kasur,695.454,573.924,,
castle_K7,Culture.khuzait,Faction.clan_khuzait_7,772.9034,377.9733,,{=Settlements.Settlement.name.castle_K7}Simira Castle,Phillaur,773.039,379.774,,
castle_K8,Culture.khuzait,Faction.clan_khuzait_9,711.4721,332.2444,,{=Settlements.Settlement.name.castle_K8}Erzenur Castle,Jamrud,712.864,333.277,,
castle_K9,Culture.khuzait,Faction.clan_khuzait_6,707.3231,546.0911,,{=Settlements.Settlement.name.castle_K9}Kaysar Castle,Jhelum,707.939,547.437,,
town_K1,Culture.khuzait,Faction.clan_khuzait_2,730.2615,536.8068,,{=Settlements.Settlement.name.town_K1}Baltakhand,Sirhind,732.504,536.542,"{=YNm9vaHw}Baltakhand, the Fortress of the Axe, was settled by the Iltanlar, mountain-dwelling cousins of the Khuzaits. Centuries ago their beys descended into the plains and created the fortress here that guards the portages of Iltan, the network of lakes and rivers that divides the Sturgian lands from the Khuzaits' realm. Bitter winters protected them from the reach of the Empire, but no blast of wind was cutting enough to stop the horsemen of Khan Urkhun, who 40 years ago forced this town to submit to the khanate.",
town_K2,Culture.khuzait,Faction.clan_khuzait_4,726.4065,370.1996,,{=Settlements.Settlement.name.town_K2}Akkalat,Jalandhar,726.701,372.704,"{=4UNOQQRa}The town that the Khuzaits know as Akkalat, the White Fortress, was built by the fearsome Padishah Hoshtar on one of his periodic attempts to conquer the Devseg. For decades the sacred flame that burned from the top of the citadel symbolized his suzerainty over the tribes here. But the Padishah's realm like the Empire is on the defensive and has retreated to the east. Today the Khan's horsetail banners fly in its place.",
town_K3,Culture.khuzait,Faction.clan_khuzait_1,683.6556,480.812,,{=Settlements.Settlement.name.town_K3}Makeb,Lahore,685.692,480.056,"{=bPDqyqkb}Makeb sits on the northern tip of Lake Tanaesis, Tanaz in the steppe tongue. Here, it guards the cataract over which the Karakaz river empties into the lake. This city has long been ruled by petty khans and shahs, who collect tolls from traders forced to haul their boats around the rapids. The last of those rulers was beheaded by Urkhun himself after he refused a demand of tribute, after which the ruling family of the Khuzaits seized this town for themselves.",
town_K4,Culture.khuzait,Faction.clan_khuzait_3,743.097,443.582,,{=Settlements.Settlement.name.town_K4}Ortongard,Multan,745.826,448.187,"{=Dxnj5JQE}Ortongard sits in the dry center of the Devseg plateau, which is dry for most of the year but offers rich grazing in the spring. Founded by Darshi-speaking merchants, it made its wealth buying horses, sheep and cattle from the surrounding herding villages and sending them west to the markets of the empire in huge drives, accompanied by guards to ward off raiders from the steppes. Neither its walls nor its mercenary armies could withstand the coming of Khan Urkhun, however, who it granted to the Khergit clan in recognition of their valor.",
town_K5,Culture.khuzait,Faction.clan_khuzait_1,684.8689,419.071,,{=Settlements.Settlement.name.town_K5}Chaikand,Amritsar,684.811,421.592,"{=SUnaVliN}Chaikand sits by the reed-marshes on the edge of Lake Tanaesis. In the years when the east was an imperial protectorate, boats laden with hides, wool and salt shuttled across the lake's placid waters, returning with imperial silks and silver. With the coming of the Khuzaits and the subsequent wars the water-trade stopped, but Chaikand remains a major trade entrepot and military base, the fief of the ruling Urkhunait clan. From the pavilions of his palace, the khan can look out across the lake and see the hazy outline of hills that he may one day graze his horses upon.",
town_K6,Culture.khuzait,Faction.clan_khuzait_5,750.5866,335.7404,,{=Settlements.Settlement.name.town_K6}Odokh,Sialkot,752.864,336.823,"{=ygJkPxyc}The town of Odokh sits at the foot of Kohi Rohini, the mountains of the dawn. Among the most remote of the towns of the Devseg, it is reputed to have been the abode of King Ahhak, a mythical tyrant from whose shoulders flowed serpents. Even today the Kohi Rohini has a reputation for black magic and mystery that helps keep outsiders at bay. The city fell during the Khuzait conquest to the Harfit clan, who have intermarried with the mountain peoples, and who honor their customs, participate in their rituals, and keep their secrets.",